,Seq,ASV,Pochon_type,First_Accession,Symbiodiniaceae,ASV_Description
sq1,CAAGGATTCCCTCAGTAACGGCGAGTGAAGCGGGAATAGCTCAAATTTGAAATCTCCGACGCTTGCGTCGGCGAATTGTAGTTGCGAGAAGCACTTTCTAGGCGGATCGGTCGTGCCTAAGTTGCTTGGAACAGTACGTCATAGAGGGTGACAACCCCGTCTGTGGCTCGGCCGGCCGCTCACGATGTGCTTTCGAAGAGTCGGGTTGTTTGGGAATGCAGCCCAAAAATGGTGGTAAACTCCATCTAAAGCTAAATACTGACGTGAGACCGATAGCGAACAAGTACCG,sq1,NA,KY786090.1,no,non-target
sq110,CAAGGATTCCCCCAGTAACGGCGAGCGAAGTGGGAACAGCTCGAGCCTGAAATCCCTGGCAGGTGCTGCCAGAGAATTGTGGCCGGGAGAGGCGGCGTTGCCCCGACCGTCGCTGTCGAAGTTGACCTGGAAAGGCACGTCAGAGAGGGTGAGAGCCCCGTGCGCGACACCGACGGGAAGGGCCGTTCCGTCTTCCGAGAGTCGGGTTGTTTGGGAATGCAGCCCAAAGTGGGTGGTAAACTCCATCTAAAGCTAAATACCGGCACGAGACCGATAGCGAACAAGTACCA,sq110,NA,KP400593.1,no,non-target
sq13,CAAGGATTCCCTCAGTAACGGCGAGTGAAGCGGGAATAGCTCAAATTTGAAATCTCCGACGCTTGCGTCGGCGAATTGTAGTTGCGAGAAGCACTTTCTAGGCGGATCGGTCGTGCCTAAGTTGCTTGGAACAGTACGTCATAGAGGGTGACAACCCCGTCTGTGGCTCGGCCGGCCGCTCACGATGTGCTTTCGAAGAGTCGGGTTGTTCGGGAATGCAGCCCAAAAATGGTGGTAAACTCCATCTAAAGCTAAATACTGACGTGAGACCGATAGCGAACAAGTACCG,sq13,NA,KY786090.1,no,non-target
sq157,CAAGGATTCCCCTAGTAACGGCGAGTGAAGCGGGAAGAGCTCAAGCTTAAAATCTCTGTTGCTTGCAACAGCGAATTGTAGCCTCGAGACGCGTTTTCAAACCGGATACGCTGTGCTTAAGTTGCTCGGAACGGCACATCGTAGAGGGTGACAATCCCGTACGCGGCACAGTGTACCGGCCACGATGCGCGTTCTATGAGTCGGGTTGCTTGGGAATGCAGCCCAAAATGGGAGGTAAACTCCTTCTAAAGCTAAATATTGGCACGAGACCGATAGCGAACAAGTACCG,sq157,NA,AY920803.1,no,non-target
sq184,ACAGGATTCCCTTAGTAATGGCGAACGAACAGGGAAACGCTCAGGCTTAAAACCAAGGCTCTGGTTTTGGGTTGTAGCCTGCAGATATTGCGCTATCGGTGGCTCGAGCGTAAGCCTCTTGGAATAGAGCGTAAACTTGGGTGAGAATCCTTTGTTTCGCTCGGTGTCCGCTGTGTACGGCGCATGTTCTCAGAGTCACGTTCCTCGGACTTGGAGCGTAAATTAGGTGGTAGATTTCATCTAAAGCTAAATAAAGGCCCAAGACCGATAGCGAACAAGTACCA,sq184,RN3_2,MF322789.1,yes,Gerakladium1
sq2,ATAGGATTCCCTCAGTAATGGCGAATGAACAGGGATTGGCTCAGGCTGGAAACTGAAGCTTCGGTTTCGGGATGTAGCCTGCAGGCATAGTGCTATCGGCGGCTCGAGCGTAAGCCTCTTGGAACAGAGCGTGTGCCCGGGTGAGAATCCTGTGTTTCGCTTGATGTCCGCTGTCCACAGCACTTGTTCTCAGAGTCACGCTCCTCGGAATTGGAGCGTAAATAAGGTGGTAAATTTCATCTAAAGCTAAATACGGGCTCGAGACCGATAGTGAACAAGTACCA,sq2,C91_1,AB280690.1,yes,Cladocopium1
sq3,CAAGGATTCCCTCAGTAACGGCGAGTGAAGCGGGAATAGCTCAAATTTGAAATCTCCGACGCTTGCGTCGGCGAGTTGTAGTTGCGAGAAGCACTTTCTAGGCGGATCGGTCGTGCCTAAGTTGCTTGGAACAGTACGTCATAGAGGGTGACAACCCCGTCTGTGGCTCGGCCGGCCGCTCACGATGTGCTTTCGAAGAGTCGGGTTGTTCGGGAATGCAGCCCAAAAATGGTGGTAAACTCCATCTAAAGCTAAATACTGACGTGAGACCGATAGCGAACAAGTACCG,sq3,NA,KY786090.1,no,non-target
sq315,GCCTAAAGCCCAAAGATTCTTGTACAACCGAGTATTACGAACAAGCTTGCAACCAATTCATCTCTCTGTACCAAAACACGTACCAACAAGTAAAAATGCAGCGCTTTTCGCTCAAAACTGAGACAAATATAATAAGTGCACGTAATACAATTAGTAAAATGGGTAAACATTTCCCAGTATCGGTAGAAATTGACAAGAATCAGAAACAATGGGGACTTTATGGAGAAGCAAGCCACATTGAAGAGGCTCTCAGATTCCTGGAGAAGGAAGGAGTTGAAATCAACAGG,sq315,NA,NA,no,NA
sq316,CCAGGATTCCCCTAGTAACGGCGAGCGAACCGGGAAGAGCCCATCGTGAAAATCTCCACTCCGTGGCGAATTGTAGTGTACAGAACCGATCCCTATCGCCGCGCCCGCCCAAGTGCTGTGGAAGCGGTCGTCGGAGAGGGTGAGAGCCCCGTCGGCGGGTCGTTGGCGGTTCCACGGGAGAGGCTTCGCAGAGTCGGGTTGTTTGGGAATTCAGCCCTAAGTTGGTGGTAAGTCCCATCTAAGGCTAAATACTGGCGAGAGACCGATAGCGAACAAGTACCG,sq316,NA,LC507154.1,no,non-target
sq317,ATAGGATCCCCTCAGTATTGGCGAATGAACAGGGATTGGCTCAGGCTGGAAACTGAAGCTTCGGTTTCGGGATGTAGCCTGCAGGCATAGTGCTATCGGCGGCTCGAGCGTAAGCCTCTTGGAACAGTACGTCATAGAGGGTGACAACCCCGTCTGTGGCTCGGCCGGCCGCTCACGATGTGCTTTCGAAGAGTCGGGTTGTTTGGGAATGCAGCCCAAAAATGGTGGTAAACTCCATCTAAAGCTAAATACTGACGTGAGACCGATAGCGAACAAGTACCG,sq317,C91_1,KY786090.1,no,non-target
sq323,CCAGGATTCCCCTAGTAACGGCGAGCGAACCGGGAAGAGCCCAACTTGAAAATCTCCAGCTTGCTGGCGAATTGTAGTCTAGAGAGGTTACCCGTACGTCCGCCCCCGCCCAAGTTCCCTGGAAAGAGACGCCAGAGAGGGTGAGAGCCCCGTCGGCGGGGTGGCGGATGTTTCACCGGATGCCTTCGTAGAGTCGGGTTGTTTGGGAATGCAGCCCTAAGTTGGTGGTAAGTCCCATCTAAGGCTAAATACTGGCGAGAGACCGATAGCGAACAAGTACCG,sq323,NA,MN513337.1,no,non-target
sq326,ATAGGATTCCCTTAGTAATGACGAATGAACAGGGATGAGCTCAGCATGGAAATCGGGGCCTCTCGGCCTTGAATTGTAGTCTTGAGACGCATTGCCAACACAGGCGCAGATGTAAGCCTCTTGGAAAAGAGCATCAAAGAGGGTGAGAATCCCGTCTGTCATTTGCAGTCCTGTGTACACGGCGTGTGTTCTAAGAGTCACGTTCCTCGGGATTGGAGCGCAAAGTGGGTGGTAAATTTCATCTAAAGCTAAATATTGGTTCGAGACCGATAGCAAACAAGTACCA,sq326,Pglac1,MN965778.1,no,non-target
sq329,ACAGGATTCCCTTAGTAATGGCGAACGAACAGGGAAACGCTCAGGCTTAAAACCAAGGCTCTGGTTTTGGGTTGTAGCCTGCAGATATTGCGCTATCGGTGGCTCGAGCGGAAGCCTCTTGGAATAGAGAGTAAACTTGGGTGAGAATCCTTTGTTTCGCTCGGTGTCCGCTGTGTACGGCGCATGTTCTCAGAGTCACGTTCCTCGGACTTGGAGCGTAAATTAGGTGGTAGATTTCATCTAAAGCTAAATAAAGGCCCAAGACCGATAGCGAACAAGTACCA,sq329,RN3_2,MF322789.1,yes,Gerakladium2
sq5,CAAGGATTCCCTTAGTAACGGCGAGTGAAGCGGGAATAGCTCAAATTTGAAATCTCCGACGCTTGCGTCGGCGAATTGTAGTTGCGAGAAGCACTTTCTAGGCGGATCGGTCGTGCCTAAGTTGCTTGGAACAGTACGTCATAGAGGGTGACAACCCCGTCTGTGGCTCGGCCGGCCGCTCACGATGTGCTTTCGAAGAGTCGGGTTGTTTGGGAATGCAGCCCAAAAATGGTGGTAAACTCCATCTAAAGCTAAATACTGACGTGAGACCGATAGCGAACAAGTACCG,sq5,NA,KY786090.1,no,non-target
sq6,CAAGGATTCCCTCAGTAACGGCGAGTGAAGCGGGAATAGCTCAAATTTGAAATCTCCGACGCTTGCGTCGGCGAATTGTAATTGCGAGAAGCACTTTCTAGGCGGATCGGTCGTGCCTAAGTTGCTTGGAACAGTACGTCATAGAGGGTGACAACCCCGTCTGTGGCTCGGCCGGCCGCTCACGATGTGCTTTCGAAGAGTCGGGTTGTTCGGGAATGCAGCCCAAAAATGGTGGTAAACTCCATCTAAAGCTAAATACTGACGTGAGACCGATAGCGAACAAGTACCG,sq6,NA,KY786090.1,no,non-target
sq7,CAAGGATTCCCTCAGTAACGGCGAGTGAAGCGGGAATAGCTCAAATTTGAAATCTCCGACGCTTGCGTCGGCGAATTGTAGTTGCGAGAAGCACTTTCTAGGCGGATCGGTCGTGCCTAAGTTGCTTGGAACAGTACGTCATAGAGGGTGACAACCCCGTCTGTGGCTCGGCCGGCCGCTCACGATGTGCTTTCGAAGAGTCGGGTTGTTTGGGAATGCAGCCCAAAAGTGGTGGTAAACTCCATCTAAAGCTAAATACTGACGTGAGACCGATAGCGAACAAGTACCG,sq7,NA,KY786090.1,no,non-target
sq9,ATAGGATTCCCTCAGTAATGGCGAATGAACAGGGATTGGCTCAGGCTGGAAACTGAAGCTTCGGTTTCGGGATGTAGCCTGCAGGCATAGTGCTATCGGCGGCTCGAGCGTAAGCCTCTTGGAATAGAGCGTGTGCCCGGGTGAGAATCCTGTGTTTCGCTTGATGTCCGCTGTCCACAGCACTTGTTCTCAGAGTCACGCTCCTCGGAATTGGAGCGTAAATAAGGTGGTAAATTTCATCTAAAGCTAAATACGGGCTCGAGACCGATAGTGAACAAGTACCA,sq9,C91_1,JN558044.1,yes,Cladocopium2 (C15)